{"cameraMode":{"drawMode":0,"name":"Shaded","section":"Shading Mode"},"sceneLighting":true,"audioPlay":false,"sceneViewState":{"m_AlwaysRefresh":false,"showFog":true,"showSkybox":true,"showFlares":true,"showImageEffects":true,"showParticleSystems":true,"showVisualEffectGraphs":true,"m_FxEnabled":true},"in2DMode":false,"pivot":{"x":-1.5316976308822632,"y":10.616622924804688,"z":-66.58911895751953},"rotation":{"x":0.2119370549917221,"y":-0.012821594253182412,"z":0.00317321065813303,"w":0.9769689440727234},"size":11.386496543884278,"orthographic":false}