{"cameraMode":{"drawMode":0,"name":"Shaded","section":"Shading Mode"},"sceneLighting":true,"audioPlay":false,"sceneViewState":{"m_AlwaysRefresh":false,"showFog":true,"showSkybox":true,"showFlares":true,"showImageEffects":true,"showParticleSystems":true,"showVisualEffectGraphs":true,"m_FxEnabled":true},"in2DMode":false,"pivot":{"x":3.712832450866699,"y":-8.011456489562989,"z":12.041731834411621},"rotation":{"x":0.23449686169624329,"y":0.13687346875667573,"z":-0.033011265099048617,"w":0.9616549015045166},"size":10.918277740478516,"orthographic":false}