{"cameraMode":{"drawMode":0,"name":"Shaded","section":"Shading Mode"},"sceneLighting":true,"audioPlay":false,"sceneViewState":{"m_AlwaysRefresh":false,"showFog":true,"showSkybox":true,"showFlares":true,"showImageEffects":true,"showParticleSystems":true,"showVisualEffectGraphs":true,"m_FxEnabled":true},"in2DMode":false,"pivot":{"x":43.42168426513672,"y":-107.69083404541016,"z":223.54971313476563},"rotation":{"x":-0.2181001752614975,"y":-0.10164059698581696,"z":0.02294502966105938,"w":-0.9702276587486267},"size":142.89842224121095,"orthographic":false}