{"cameraMode":{"drawMode":0,"name":"Shaded","section":"Shading Mode"},"sceneLighting":true,"audioPlay":false,"sceneViewState":{"m_AlwaysRefresh":false,"showFog":true,"showSkybox":true,"showFlares":true,"showImageEffects":true,"showParticleSystems":true,"showVisualEffectGraphs":true,"m_FxEnabled":true},"in2DMode":false,"pivot":{"x":1012.1419067382813,"y":844.9690551757813,"z":-958.299072265625},"rotation":{"x":0.057583484798669818,"y":-0.004164714831858873,"z":0.00061604572692886,"w":0.9981651306152344},"size":142.89842224121095,"orthographic":false}