{"cameraMode":{"drawMode":0,"name":"Shaded","section":"Shading Mode"},"sceneLighting":true,"audioPlay":false,"sceneViewState":{"m_AlwaysRefresh":false,"showFog":true,"showSkybox":true,"showFlares":true,"showImageEffects":true,"showParticleSystems":true,"showVisualEffectGraphs":true,"m_FxEnabled":true},"in2DMode":false,"pivot":{"x":59.90670394897461,"y":-111.68170928955078,"z":214.45668029785157},"rotation":{"x":0.23325365781784059,"y":0.1311669945716858,"z":-0.03140746429562569,"w":0.9628459811210632},"size":142.89842224121095,"orthographic":false}