{"cameraMode":{"drawMode":0,"name":"Shaded","section":"Shading Mode"},"sceneLighting":true,"audioPlay":false,"sceneViewState":{"m_AlwaysRefresh":false,"showFog":true,"showSkybox":true,"showFlares":true,"showImageEffects":true,"showParticleSystems":true,"showVisualEffectGraphs":true,"m_FxEnabled":true},"in2DMode":false,"pivot":{"x":3.920943260192871,"y":-0.07907867431640625,"z":-7.754256248474121},"rotation":{"x":0.22664467990398408,"y":0.3176339566707611,"z":-0.07809732854366303,"w":0.9171920418739319},"size":10.918277740478516,"orthographic":false}