{"cameraMode":{"drawMode":0,"name":"Shaded","section":"Shading Mode"},"sceneLighting":true,"audioPlay":false,"sceneViewState":{"m_AlwaysRefresh":false,"showFog":true,"showSkybox":true,"showFlares":true,"showImageEffects":true,"showParticleSystems":true,"showVisualEffectGraphs":true,"m_FxEnabled":true},"in2DMode":false,"pivot":{"x":698.6732788085938,"y":1183.48974609375,"z":-1340.0701904296875},"rotation":{"x":0.14677588641643525,"y":0.013060739263892174,"z":0.0005904288846068084,"w":0.988662600517273},"size":12.409158706665039,"orthographic":false}