{"cameraMode":{"drawMode":0,"name":"Shaded","section":"Shading Mode"},"sceneLighting":true,"audioPlay":false,"sceneViewState":{"m_AlwaysRefresh":false,"showFog":true,"showSkybox":true,"showFlares":true,"showImageEffects":true,"showParticleSystems":true,"showVisualEffectGraphs":true,"m_FxEnabled":true},"in2DMode":false,"pivot":{"x":990.6875610351563,"y":684.6341552734375,"z":-1369.4552001953125},"rotation":{"x":0.054912228137254718,"y":0.00784679502248764,"z":0.0012998420279473067,"w":0.9981658458709717},"size":11.386496543884278,"orthographic":false}