{"cameraMode":{"drawMode":0,"name":"Shaded","section":"Shading Mode"},"sceneLighting":true,"audioPlay":false,"sceneViewState":{"m_AlwaysRefresh":false,"showFog":true,"showSkybox":true,"showFlares":true,"showImageEffects":true,"showParticleSystems":true,"showVisualEffectGraphs":true,"m_FxEnabled":true},"in2DMode":false,"pivot":{"x":6.611616611480713,"y":-1.7817862033843995,"z":8.297733306884766},"rotation":{"x":0.17146886885166169,"y":0.23854535818099976,"z":-0.04249544069170952,"w":0.9546908140182495},"size":11.386496543884278,"orthographic":false}