{"cameraMode":{"drawMode":0,"name":"Shaded","section":"Shading Mode"},"sceneLighting":true,"audioPlay":false,"sceneViewState":{"m_AlwaysRefresh":false,"showFog":true,"showSkybox":true,"showFlares":true,"showImageEffects":true,"showParticleSystems":true,"showVisualEffectGraphs":true,"m_FxEnabled":true},"in2DMode":false,"pivot":{"x":-20.40131187438965,"y":4.912825107574463,"z":-49.081993103027347},"rotation":{"x":0.22915038466453553,"y":0.03203070908784866,"z":-0.004973527509719133,"w":0.9724030494689941},"size":7.141390323638916,"orthographic":false}