{"cameraMode":{"drawMode":0,"name":"Shaded","section":"Shading Mode"},"sceneLighting":true,"audioPlay":false,"sceneViewState":{"m_AlwaysRefresh":false,"showFog":true,"showSkybox":true,"showFlares":true,"showImageEffects":true,"showParticleSystems":true,"showVisualEffectGraphs":true,"m_FxEnabled":true},"in2DMode":false,"pivot":{"x":1.811660647392273,"y":-5.673430442810059,"z":14.868547439575196},"rotation":{"x":0.15112735331058503,"y":0.048541322350502017,"z":-0.00544805359095335,"w":0.9869399666786194},"size":12.409158706665039,"orthographic":false}